Product,Old Target,New Target,Target Change,Old Revenue,New Revenue,Revenue Change,Old Freq Below,New Freq Below,Old Freq Above,New Freq Above,Old Margin,New Margin,Margin Change,Improved
Heavy Duty Granite Chair,3088,1965,-1123,22764,22764,0,3,1,0,2,-11204,1149,12353,YES
Durable Rubber Table,2213,1430,-783,22599,22599,0,4,3,1,2,-10596,1149,11745,YES
Durable Steel Bench,2865,1726,-1139,18175,18175,0,2,1,0,1,-10475,915,11390,YES
Ergonomic Granite Knife,2695,1820,-875,24918,24918,0,4,3,0,1,-10117,1258,11375,YES
Sleek Bronze Table,2641,1652,-989,19129,19129,0,3,1,0,2,-9922,957,10879,YES
Intelligent Steel Hat,2568,1828,-740,26959,26959,0,3,1,0,2,-8993,1367,10360,YES
Heavy Duty Silk Clock,3098,1981,-1117,18782,18782,0,2,1,0,1,-9100,953,10053,YES
Small Linen Hat,3102,1873,-1229,15780,15780,0,2,1,0,1,-9036,796,9832,YES
Practical Iron Chair,3338,2278,-1060,21584,21584,0,2,0,0,2,-8458,1082,9540,YES
Intelligent Silk Bottle,2443,1115,-1328,8221,8221,0,2,0,0,2,-8880,416,9296,YES
Small Aluminum Car,2689,1955,-734,24706,24706,0,3,1,0,2,-7562,1246,8808,YES
Sleek Wooden Bag,2185,1653,-532,27849,27849,0,3,1,1,3,-7111,1401,8512,YES
Intelligent Concrete Bottle,2786,2184,-602,32196,32196,0,3,1,1,3,-6808,1620,8428,YES
Sleek Granite Chair,2993,2348,-645,32148,32148,0,3,1,0,2,-6761,1624,8385,YES
Rustic Copper Coat,3101,2363,-738,27376,27376,0,3,2,1,2,-6735,1383,8118,YES
Gorgeous Concrete Pants,1776,1377,-399,29004,29004,0,5,3,1,3,-6516,1464,7980,YES
Durable Iron Clock,2085,1207,-878,11447,11447,0,2,1,0,1,-7318,584,7902,YES
Heavy Duty Wooden Gloves,2533,1823,-710,21114,21114,0,3,1,0,2,-6749,1061,7810,YES
Durable Concrete Bench,2731,1955,-776,20580,20580,0,2,1,0,1,-6730,1030,7760,YES
Heavy Duty Rubber Shoes,2818,1957,-861,18557,18557,0,2,1,0,1,-6805,944,7749,YES
Fantastic Iron Plate,3011,2043,-968,17208,17208,0,2,1,0,1,-6880,864,7744,YES
Ergonomic Linen Bench,3052,2100,-952,17693,17693,0,2,1,0,1,-6723,893,7616,YES
Fantastic Leather Bottle,3045,1961,-1084,14003,14003,0,3,0,0,3,-7312,276,7588,YES
Awesome Granite Lamp,2772,1712,-1060,12627,12627,0,2,1,0,1,-6777,643,7420,YES
Rustic Paper Table,3023,2101,-922,17698,17698,0,2,1,0,1,-6486,890,7376,YES
Ergonomic Marble Pants,3199,2147,-1052,15821,15821,0,2,0,0,2,-6572,792,7364,YES
Aerodynamic Marble Computer,2585,1853,-732,19514,19514,0,3,1,0,2,-6336,984,7320,YES
Gorgeous Bronze Lamp,2495,1763,-732,18560,18560,0,3,0,0,3,-6390,930,7320,YES
Fantastic Steel Lamp,3206,2168,-1038,15984,15984,0,2,1,0,1,-6458,808,7266,YES
Awesome Marble Computer,2333,1427,-906,12030,12030,0,2,0,0,2,-6634,614,7248,YES
Heavy Duty Wool Hat,3209,2018,-1191,12753,12753,0,2,0,0,2,-6501,645,7146,YES
Intelligent Leather Computer,1934,1425,-509,21005,21005,0,3,1,0,2,-6071,1055,7126,YES
Synergistic Wooden Wallet,2375,2020,-355,42550,42550,0,4,1,1,4,-4950,2150,7100,YES
Sleek Iron Car,2891,1713,-1178,10824,10824,0,2,1,0,1,-6522,546,7068,YES
Heavy Duty Iron Lamp,2747,2106,-641,24395,24395,0,4,1,0,3,-5822,1229,7051,YES
Durable Wool Bag,2547,1140,-1407,6000,6000,0,1,0,0,1,-6735,300,7035,YES
Rustic Marble Bag,2596,1228,-1368,6320,6320,0,1,0,0,1,-6660,180,6840,YES
Ergonomic Linen Chair,3333,2494,-839,21012,21012,0,3,0,0,3,-5652,1060,6712,YES
Awesome Silk Table,2438,1105,-1333,5820,5820,0,1,0,0,1,-6370,295,6665,YES
Synergistic Granite Bottle,3045,2097,-948,15458,15458,0,2,1,0,1,-5857,779,6636,YES
Awesome Granite Table,2410,1464,-946,10794,10794,0,2,1,0,1,-6076,546,6622,YES
Intelligent Cotton Table,3207,2146,-1061,13556,13556,0,2,1,0,1,-5686,680,6366,YES
Ergonomic Concrete Car,2815,2109,-706,19989,19989,0,2,1,0,1,-5346,1008,6354,YES
Gorgeous Silk Computer,3094,1825,-1269,9610,9610,0,1,0,0,1,-5860,485,6345,YES
Intelligent Bronze Table,2851,1586,-1265,8353,8353,0,2,1,0,1,-5902,423,6325,YES
Small Leather Shirt,2323,1837,-486,25148,25148,0,4,2,1,3,-5051,1267,6318,YES
Small Linen Plate,2691,1902,-789,16028,16028,0,3,1,0,2,-5500,812,6312,YES
Incredible Paper Shirt,2583,1897,-686,17973,17973,0,2,1,0,1,-5274,900,6174,YES
Synergistic Wool Watch,2492,1617,-875,11718,11718,0,2,0,0,2,-5726,399,6125,YES
Fantastic Aluminum Wallet,2220,1206,-1014,7620,7620,0,2,0,0,2,-5700,384,6084,YES
Awesome Paper Shoes,2556,1545,-1011,9766,9766,0,2,1,0,1,-5570,496,6066,YES
Mediocre Leather Knife,2687,1481,-1206,7795,7795,0,1,0,0,1,-5640,390,6030,YES
Synergistic Cotton Clock,2506,1301,-1205,6850,6850,0,2,1,0,1,-5680,345,6025,YES
Durable Bronze Table,3179,1975,-1204,10395,10395,0,1,0,0,1,-5500,520,6020,YES
Incredible Linen Keyboard,2428,1761,-667,16690,16690,0,2,0,0,2,-5162,841,6003,YES
Ergonomic Granite Computer,2639,1893,-746,15456,15456,0,2,0,0,2,-5656,312,5968,YES
Small Wooden Shirt,2648,1904,-744,16047,16047,0,2,1,0,1,-5137,815,5952,YES
Fantastic Cotton Plate,2052,1658,-394,26199,26199,0,5,2,1,4,-4581,1329,5910,YES
Mediocre Wool Coat,2194,1025,-1169,5260,5260,0,1,0,0,1,-5710,135,5845,YES
Lightweight Paper Table,2723,1994,-729,16792,16792,0,2,1,0,1,-4992,840,5832,YES
Gorgeous Marble Car,2107,1138,-969,7189,7189,0,2,0,0,2,-5453,361,5814,YES
Intelligent Leather Hat,3126,2162,-964,13658,13658,0,2,1,0,1,-5098,686,5784,YES
Mediocre Leather Watch,3207,2051,-1156,10795,10795,0,1,0,0,1,-5240,540,5780,YES
Rustic Wooden Computer,2325,1500,-825,11054,11054,0,3,0,0,3,-5221,554,5775,YES
Gorgeous Concrete Shirt,2596,1956,-640,18534,18534,0,3,3,1,1,-4830,930,5760,YES
Rustic Leather Pants,2281,1643,-638,15574,15574,0,2,0,0,2,-4955,787,5742,YES
Enormous Silk Coat,2763,1947,-816,14354,14354,0,2,0,0,2,-4987,725,5712,YES
Sleek Iron Pants,3281,2649,-632,25106,25106,0,3,2,0,1,-4423,1265,5688,YES
Heavy Duty Leather Table,3017,1884,-1133,9555,9555,0,1,0,0,1,-5530,135,5665,YES
Aerodynamic Rubber Shoes,3349,2406,-943,15201,15201,0,2,1,0,1,-4893,765,5658,YES
Intelligent Paper Car,2523,1400,-1123,7175,7175,0,1,0,0,1,-5440,175,5615,YES
Heavy Duty Aluminum Table,2567,1165,-1402,4836,4836,0,1,0,0,1,-5432,176,5608,YES
Lightweight Bronze Clock,2717,1924,-793,14185,14185,0,2,1,0,1,-4834,717,5551,YES
Heavy Duty Bronze Coat,2841,2288,-553,24092,24092,0,3,1,0,2,-4318,1212,5530,YES
Practical Wool Watch,3272,2170,-1102,11425,11425,0,1,0,0,1,-4935,575,5510,YES
Mediocre Marble Coat,3082,2296,-786,16925,16925,0,2,1,0,1,-4649,853,5502,YES
Heavy Duty Plastic Wallet,2341,1244,-1097,6550,6550,0,2,1,0,1,-5155,330,5485,YES
Sleek Bronze Car,3209,1844,-1365,7768,7768,0,2,0,0,2,-5068,392,5460,YES
Ergonomic Copper Chair,3267,2182,-1085,11485,11485,0,1,0,0,1,-4850,575,5425,YES
Gorgeous Paper Bottle,2358,1866,-492,21618,21618,0,4,1,0,3,-4320,1092,5412,YES
Durable Iron Coat,3112,2038,-1074,10730,10730,0,1,0,0,1,-4830,540,5370,YES
Durable Granite Coat,2244,1577,-667,13288,13288,0,2,1,0,1,-4664,672,5336,YES
Mediocre Copper Watch,2996,2616,-380,38564,38564,0,3,2,1,2,-3380,1940,5320,YES
Rustic Paper Clock,2828,2297,-531,24184,24184,0,4,1,0,3,-4096,1214,5310,YES
Intelligent Silk Bench,2285,1756,-529,18490,18490,0,2,1,0,1,-4360,930,5290,YES
Sleek Rubber Bag,2090,1691,-399,23140,23140,0,3,1,0,2,-4030,1157,5187,YES
Aerodynamic Concrete Shoes,3356,2062,-1294,8684,8684,0,1,0,0,1,-4740,436,5176,YES
Gorgeous Silk Clock,2848,1567,-1281,6602,6602,0,3,1,0,2,-4790,334,5124,YES
Synergistic Copper Bag,2483,1470,-1013,7740,7740,0,1,0,0,1,-4675,390,5065,YES
Fantastic Wooden Coat,2659,1936,-723,14271,14271,0,2,1,0,1,-4342,719,5061,YES
Enormous Iron Lamp,2689,1425,-1264,6000,6000,0,1,0,0,1,-4756,300,5056,YES
Incredible Wooden Hat,3109,2099,-1010,11050,11050,0,1,0,0,1,-4495,555,5050,YES
Gorgeous Plastic Computer,2333,1498,-835,9465,9465,0,2,0,0,2,-4533,477,5010,YES
Enormous Aluminum Lamp,2864,2240,-624,18871,18871,0,2,1,0,1,-4041,951,4992,YES
Lightweight Bronze Chair,3226,2672,-554,25318,25318,0,3,2,1,2,-3716,1270,4986,YES
Durable Paper Watch,3134,2137,-997,11250,11250,0,1,0,0,1,-4420,565,4985,YES
Aerodynamic Plastic Computer,2261,1767,-494,18615,18615,0,2,1,0,1,-3995,945,4940,YES
Heavy Duty Granite Bottle,2422,1812,-610,15266,15266,0,2,1,0,1,-4110,770,4880,YES
Mediocre Concrete Hat,2060,1685,-375,23074,23074,0,3,1,1,3,-3706,1169,4875,YES
Sleek Bronze Plate,2816,2013,-803,12716,12716,0,2,1,0,1,-4180,638,4818,YES
Small Leather Bottle,2790,1609,-1181,6776,6776,0,2,0,0,2,-4384,340,4724,YES
Synergistic Wool Car,3147,1968,-1179,8288,8288,0,1,0,0,1,-4300,416,4716,YES
Lightweight Bronze Hat,3196,2674,-522,25339,25339,0,2,0,0,2,-3425,1273,4698,YES
Durable Copper Coat,2924,2337,-587,19688,19688,0,3,2,0,1,-3704,992,4696,YES
Incredible Rubber Table,2234,1714,-520,16253,16253,0,2,1,0,1,-3853,827,4680,YES
Sleek Rubber Shirt,2192,1767,-425,20474,20474,0,3,1,0,2,-3638,1037,4675,YES
Enormous Rubber Chair,2320,1654,-666,12197,12197,0,2,1,0,1,-4043,619,4662,YES
Fantastic Marble Chair,2623,1693,-930,8915,8915,0,1,0,0,1,-4200,450,4650,YES
Gorgeous Marble Chair,2709,1784,-925,9390,9390,0,1,0,0,1,-4155,470,4625,YES
Heavy Duty Wool Table,2445,1787,-658,13178,13178,0,2,1,0,1,-3937,669,4606,YES
Mediocre Plastic Shoes,2881,2373,-508,22485,22485,0,4,1,0,3,-3444,1128,4572,YES
Enormous Marble Bag,3055,2142,-913,11275,11275,0,1,0,0,1,-4000,565,4565,YES
Small Linen Lamp,2491,1985,-506,18814,18814,0,2,1,0,1,-3605,949,4554,YES
Durable Copper Shoes,2295,1537,-758,9711,9711,0,2,0,0,2,-4059,489,4548,YES
Synergistic Copper Knife,2292,1383,-909,7280,7280,0,1,0,0,1,-4180,365,4545,YES
Synergistic Iron Shoes,2294,1392,-902,7330,7330,0,1,0,0,1,-4140,370,4510,YES
Gorgeous Bronze Clock,2723,1825,-898,9610,9610,0,1,0,0,1,-4005,485,4490,YES
Rustic Granite Computer,2654,1764,-890,9285,9285,0,1,0,0,1,-3985,465,4450,YES
Enormous Wool Table,2240,1354,-886,7130,7130,0,1,0,0,1,-4070,360,4430,YES
Durable Silk Bottle,3171,2286,-885,12035,12035,0,1,0,0,1,-3820,605,4425,YES
Synergistic Steel Knife,2305,1200,-1105,5056,5056,0,1,0,0,1,-4164,256,4420,YES
Synergistic Aluminum Chair,2720,1984,-736,12537,12537,0,2,1,0,1,-3783,633,4416,YES
Fantastic Iron Pants,1891,1010,-881,5295,5295,0,1,0,0,1,-4160,245,4405,YES
Small Steel Shirt,2208,1327,-881,6950,6950,0,1,0,0,1,-4090,315,4405,YES
Practical Aluminum Car,2352,1805,-547,15211,15211,0,2,0,0,2,-3605,771,4376,YES
Practical Wooden Watch,2538,1447,-1091,6098,6098,0,2,1,0,1,-4054,310,4364,YES
Gorgeous Plastic Hat,2383,1839,-544,15289,15289,0,3,0,0,3,-3775,577,4352,YES
Lightweight Concrete Keyboard,2518,2156,-362,27244,27244,0,3,1,0,2,-2972,1372,4344,YES
Mediocre Cotton Shirt,3117,1671,-1446,5217,5217,0,1,0,0,1,-4134,204,4338,YES
Lightweight Cotton Coat,2975,2108,-867,11095,11095,0,1,0,0,1,-3780,555,4335,YES
Rustic Iron Bottle,2501,1780,-721,11245,11245,0,2,1,0,1,-3761,565,4326,YES
Heavy Duty Plastic Clock,2691,1834,-857,9655,9655,0,1,0,0,1,-3800,485,4285,YES
Heavy Duty Bronze Shoes,2619,1550,-1069,6528,6528,0,1,0,0,1,-3948,328,4276,YES
Incredible Rubber Bench,3244,2178,-1066,9173,9173,0,2,0,0,2,-3803,461,4264,YES
Incredible Copper Computer,2405,1565,-840,8242,8242,0,2,1,0,1,-3783,417,4200,YES
Rustic Rubber Keyboard,3022,2427,-595,17887,17887,0,2,1,0,1,-3267,898,4165,YES
Ergonomic Wool Computer,1925,1406,-519,11850,11850,0,2,0,0,2,-3550,602,4152,YES
Awesome Leather Keyboard,2563,1184,-1379,3741,3741,0,1,0,0,1,-3948,189,4137,YES
Gorgeous Wool Bottle,2353,1526,-827,8035,8035,0,1,0,0,1,-3730,405,4135,YES
Synergistic Iron Bench,3005,2179,-826,11470,11470,0,1,0,0,1,-3555,575,4130,YES
Synergistic Bronze Coat,3017,2429,-588,17905,17905,0,2,1,0,1,-3214,902,4116,YES
Intelligent Granite Bench,3137,2315,-822,12185,12185,0,1,0,0,1,-3500,610,4110,YES
Mediocre Marble Shoes,2881,2197,-684,13881,13881,0,2,1,0,1,-3405,699,4104,YES
Aerodynamic Copper Car,2193,1167,-1026,4916,4916,0,1,0,0,1,-3856,248,4104,YES
Lightweight Steel Gloves,3132,1766,-1366,5577,5577,0,1,0,0,1,-3819,279,4098,YES
Small Steel Gloves,2297,1482,-815,7802,7802,0,2,0,0,2,-3683,392,4075,YES
Heavy Duty Bronze Shirt,3202,2184,-1018,9196,9196,0,1,0,0,1,-3612,460,4072,YES
Heavy Duty Iron Hat,2597,1784,-813,9390,9390,0,1,0,0,1,-3595,470,4065,YES
Small Paper Wallet,2441,1764,-677,11143,11143,0,3,1,0,2,-3503,559,4062,YES
Durable Cotton Wallet,2876,1526,-1350,4740,4740,0,1,0,0,1,-3888,162,4050,YES
Gorgeous Plastic Hat,2324,1818,-506,15319,15319,0,3,1,0,2,-3273,775,4048,YES
Practical Paper Knife,2937,1934,-1003,8144,8144,0,1,0,0,1,-3604,408,4012,YES
Intelligent Plastic Lamp,3324,2322,-1002,9780,9780,0,1,0,0,1,-3516,492,4008,YES
Incredible Cotton Keyboard,2201,1406,-795,7400,7400,0,1,0,0,1,-3605,370,3975,YES
Gorgeous Aluminum Bag,2880,2095,-785,11030,11030,0,1,0,0,1,-3370,555,3925,YES
Fantastic Marble Chair,2475,1696,-779,8555,8555,0,1,0,0,1,-3820,75,3895,YES
Awesome Steel Pants,2871,2317,-554,17073,17073,0,2,1,0,1,-3024,854,3878,YES
Small Paper Hat,2412,2185,-227,39130,39130,0,4,2,1,3,-1874,1985,3859,YES
Durable Marble Bag,2604,1834,-770,9575,9575,0,1,0,0,1,-3445,405,3850,YES
Sleek Plastic Hat,3411,2935,-476,24720,24720,0,2,0,0,2,-2568,1240,3808,YES
Heavy Duty Bronze Lamp,3147,1885,-1262,5661,5661,0,1,0,0,1,-3780,6,3786,YES
Heavy Duty Aluminum Chair,2441,1811,-630,11446,11446,0,2,0,0,2,-3200,580,3780,YES
Heavy Duty Aluminum Gloves,2528,1988,-540,14657,14657,0,2,0,0,2,-3039,741,3780,YES
Ergonomic Concrete Knife,2653,1905,-748,10030,10030,0,1,0,0,1,-3235,505,3740,YES
Intelligent Paper Hat,2895,2149,-746,11315,11315,0,1,0,0,1,-3160,570,3730,YES
Gorgeous Concrete Pants,2574,1839,-735,9480,9480,0,1,0,0,1,-3390,285,3675,YES
Ergonomic Aluminum Bottle,2616,1398,-1218,4416,4416,0,1,0,0,1,-3432,222,3654,YES
Mediocre Rubber Hat,1933,1411,-522,10403,10403,0,3,2,0,1,-3128,526,3654,YES
Mediocre Linen Gloves,2521,2065,-456,17393,17393,0,2,1,0,1,-2775,873,3648,YES
Synergistic Silk Hat,3236,2327,-909,9800,9800,0,1,0,0,1,-3144,492,3636,YES
Mediocre Aluminum Coat,2721,1995,-726,10500,10500,0,1,0,0,1,-3105,525,3630,YES
Intelligent Wooden Gloves,2611,1889,-722,9945,9945,0,1,0,0,1,-3110,500,3610,YES
Small Paper Bottle,2545,2144,-401,20318,20318,0,2,0,0,2,-2587,1022,3609,YES
Lightweight Leather Hat,2285,1082,-1203,3417,3417,0,1,0,0,1,-3438,171,3609,YES
Heavy Duty Silk Lamp,2761,1859,-902,7828,7828,0,1,0,0,1,-3216,392,3608,YES
Durable Steel Knife,2494,2043,-451,17211,17211,0,2,1,0,1,-2741,867,3608,YES
Aerodynamic Aluminum Clock,3163,2442,-721,12855,12855,0,1,0,0,1,-2960,645,3605,YES
Mediocre Steel Coat,2803,1904,-899,8020,8020,0,1,0,0,1,-3192,404,3596,YES
Small Steel Knife,1934,1036,-898,4180,4180,0,1,0,0,1,-3556,36,3592,YES
Heavy Duty Copper Chair,2704,1518,-1186,4794,4794,0,1,0,0,1,-3318,240,3558,YES
Durable Wool Wallet,2756,2046,-710,10770,10770,0,1,0,0,1,-3010,540,3550,YES
Aerodynamic Wooden Shoes,2553,2111,-442,17791,17791,0,2,0,0,2,-2633,903,3536,YES
Intelligent Marble Shoes,2646,2205,-441,18583,18583,0,2,1,0,1,-2585,943,3528,YES
Enormous Marble Wallet,2483,1780,-703,9372,9372,0,2,0,0,2,-3043,472,3515,YES
Ergonomic Plastic Computer,2443,1741,-702,9165,9165,0,1,0,0,1,-3050,460,3510,YES
Fantastic Marble Pants,2902,2029,-873,8546,8546,0,2,1,0,1,-3062,430,3492,YES
Synergistic Rubber Pants,2922,2052,-870,8640,8640,0,1,0,0,1,-3048,432,3480,YES
Awesome Iron Chair,2506,1926,-580,12168,12168,0,2,0,0,2,-2868,612,3480,YES
Small Bronze Wallet,2993,2413,-580,15240,15240,0,2,1,0,1,-2718,762,3480,YES
Awesome Aluminum Computer,2423,1729,-694,9103,9103,0,2,0,0,2,-3012,458,3470,YES
Lightweight Copper Table,2764,2072,-692,10910,10910,0,1,0,0,1,-2910,550,3460,YES
Lightweight Granite Shoes,2251,1102,-1149,3483,3483,0,1,0,0,1,-3270,177,3447,YES
Durable Silk Coat,1823,1536,-287,19410,19410,0,3,2,1,2,-2466,978,3444,YES
Practical Concrete Bench,2725,1580,-1145,4992,4992,0,1,0,0,1,-3183,252,3435,YES
Awesome Iron Bag,1958,1100,-858,4632,4632,0,1,0,0,1,-3200,232,3432,YES
Enormous Silk Plate,1805,1426,-379,13520,13520,0,3,1,0,2,-2725,686,3411,YES
Small Leather Knife,3046,2370,-676,12475,12475,0,1,0,0,1,-2755,625,3380,YES
Intelligent Rubber Computer,2156,1481,-675,7796,7796,0,2,1,0,1,-2984,391,3375,YES
Practical Granite Chair,1818,1146,-672,5875,5875,0,1,0,0,1,-3215,145,3360,YES
Gorgeous Leather Wallet,2422,1582,-840,6664,6664,0,1,0,0,1,-3024,336,3360,YES
Sleek Copper Keyboard,2073,1703,-370,16140,16140,0,2,1,0,1,-2517,813,3330,YES
Gorgeous Iron Keyboard,2195,1365,-830,5708,5708,0,1,0,0,1,-3072,248,3320,YES
Intelligent Cotton Bag,3065,1960,-1105,6192,6192,0,1,0,0,1,-3003,312,3315,YES
Incredible Cotton Table,3076,1972,-1104,6228,6228,0,1,0,0,1,-3000,312,3312,YES
Fantastic Paper Shirt,2331,1672,-659,8805,8805,0,1,0,0,1,-2850,445,3295,YES
Synergistic Paper Plate,2366,1269,-1097,4008,4008,0,1,0,0,1,-3090,201,3291,YES
Practical Copper Chair,2558,1900,-658,10000,10000,0,1,0,0,1,-2790,500,3290,YES
Ergonomic Iron Coat,2359,1266,-1093,3999,3999,0,1,0,0,1,-3078,201,3279,YES
Synergistic Leather Watch,2337,1684,-653,8865,8865,0,1,0,0,1,-2820,445,3265,YES
Rustic Plastic Chair,2967,2317,-650,12195,12195,0,1,0,0,1,-2640,610,3250,YES
Intelligent Steel Watch,2447,1908,-539,11842,11842,0,2,0,0,2,-2840,394,3234,YES
Practical Rubber Chair,2658,2121,-537,13402,13402,0,2,0,0,2,-2546,676,3222,YES
Rustic Rubber Knife,2991,2351,-640,12375,12375,0,1,0,0,1,-2580,620,3200,YES
Intelligent Leather Computer,2251,1193,-1058,3768,3768,0,1,0,0,1,-2985,189,3174,YES
Durable Silk Bench,2864,2071,-793,8724,8724,0,1,0,0,1,-2732,440,3172,YES
Gorgeous Marble Pants,2218,1867,-351,17695,17695,0,3,2,0,1,-2267,892,3159,YES
Awesome Bronze Table,2301,1254,-1047,3960,3960,0,1,0,0,1,-2943,198,3141,YES
Enormous Rubber Gloves,2549,2200,-349,20852,20852,0,3,0,0,3,-2089,1052,3141,YES
Awesome Wool Clock,2131,1683,-448,12408,12408,0,2,1,0,1,-2509,627,3136,YES
Intelligent Granite Lamp,2487,2043,-444,15059,15059,0,3,1,0,2,-2350,758,3108,YES
Sleek Leather Clock,2893,2119,-774,8924,8924,0,1,0,0,1,-2648,448,3096,YES
Practical Wooden Coat,2699,2418,-281,28009,28009,0,3,1,0,2,-1680,1411,3091,YES
Aerodynamic Plastic Lamp,3180,2562,-618,13485,13485,0,1,0,0,1,-2415,675,3090,YES
Synergistic Concrete Plate,2919,2302,-617,12123,12123,0,2,1,0,1,-2472,613,3085,YES
Aerodynamic Plastic Car,2351,1738,-613,9153,9153,0,2,1,0,1,-2602,463,3065,YES
Rustic Granite Table,2648,2309,-339,21879,21879,0,2,1,0,1,-1953,1098,3051,YES
Heavy Duty Aluminum Shirt,2241,1631,-610,8585,8585,0,1,0,0,1,-2620,430,3050,YES
Awesome Linen Plate,2227,1465,-762,6172,6172,0,1,0,0,1,-2736,312,3048,YES
Rustic Cotton Bag,2822,1811,-1011,5721,5721,0,1,0,0,1,-2745,288,3033,YES
Ergonomic Bronze Chair,2372,1361,-1011,4299,4299,0,1,0,0,1,-2817,216,3033,YES
Sleek Wool Hat,2394,1788,-606,9415,9415,0,1,0,0,1,-2555,475,3030,YES
Practical Leather Shoes,2532,1928,-604,10150,10150,0,1,0,0,1,-2510,510,3020,YES
Lightweight Paper Gloves,2111,1509,-602,7945,7945,0,1,0,0,1,-2610,400,3010,YES
Practical Aluminum Shirt,2470,1718,-752,7236,7236,0,1,0,0,1,-2644,364,3008,YES
Intelligent Paper Bottle,2859,2259,-600,11890,11890,0,1,0,0,1,-2405,595,3000,YES
Intelligent Bronze Watch,2173,1802,-371,15183,15183,0,3,3,1,1,-2201,767,2968,YES
Enormous Linen Bag,1978,1767,-211,26065,26065,0,4,3,1,2,-1627,1327,2954,YES
Fantastic Granite Knife,3006,2026,-980,6399,6399,0,1,0,0,1,-2619,321,2940,YES
Mediocre Linen Lamp,2624,1649,-975,5208,5208,0,1,0,0,1,-2664,261,2925,YES
Aerodynamic Linen Bottle,2158,1428,-730,6016,6016,0,1,0,0,1,-2616,304,2920,YES
Incredible Leather Knife,1976,1612,-364,13580,13580,0,2,0,0,2,-2228,684,2912,YES
Ergonomic Steel Bench,2976,1522,-1454,3182,3182,0,1,0,0,1,-2770,138,2908,YES
Mediocre Iron Coat,3225,2741,-484,17318,17318,0,2,1,0,1,-2032,872,2904,YES
Lightweight Linen Coat,2961,2001,-960,6321,6321,0,1,0,0,1,-2562,318,2880,YES
Durable Plastic Shoes,2553,2144,-409,15801,15801,0,2,0,0,2,-2070,793,2863,YES
Durable Silk Clock,3395,2824,-571,14865,14865,0,1,0,0,1,-2110,745,2855,YES
Durable Concrete Shoes,2078,1762,-316,16702,16702,0,2,1,0,1,-2000,844,2844,YES
Incredible Wooden Lamp,3282,2338,-944,7386,7386,0,1,0,0,1,-2460,372,2832,YES
Awesome Iron Knife,1995,1057,-938,3339,3339,0,1,0,0,1,-2646,168,2814,YES
Small Iron Chair,1818,1117,-701,4564,4564,0,1,0,0,1,-2708,96,2804,YES
Intelligent Cotton Keyboard,2509,2161,-348,18204,18204,0,2,1,0,1,-1868,916,2784,YES
Durable Aluminum Shoes,2299,1605,-694,6760,6760,0,1,0,0,1,-2436,340,2776,YES
Intelligent Bronze Computer,3132,2785,-347,23461,23461,0,2,1,0,1,-1595,1181,2776,YES
Heavy Duty Leather Car,2755,1832,-923,5787,5787,0,1,0,0,1,-2478,291,2769,YES
Intelligent Rubber Watch,2267,1715,-552,9030,9030,0,1,0,0,1,-2305,455,2760,YES
Intelligent Linen Bench,2692,2008,-684,8456,8456,0,1,0,0,1,-2312,424,2736,YES
Ergonomic Aluminum Bench,1820,1137,-683,4760,4760,0,1,0,0,1,-2520,212,2732,YES
Lightweight Bronze Bag,2854,2311,-543,12165,12165,0,1,0,0,1,-2105,610,2715,YES
Intelligent Wool Watch,3054,2512,-542,13226,13226,0,3,1,0,2,-2044,666,2710,YES
Practical Granite Wallet,3242,2941,-301,27868,27868,0,3,1,0,2,-1310,1399,2709,YES
Rustic Wooden Coat,2824,2488,-336,20956,20956,0,3,2,0,1,-1636,1052,2688,YES
Synergistic Aluminum Chair,3335,2441,-894,7710,7710,0,1,0,0,1,-2295,387,2682,YES
Awesome Steel Bench,2093,1200,-893,3708,3708,0,1,0,0,1,-2571,108,2679,YES
Sleek Aluminum Table,2271,1825,-446,11536,11536,0,3,1,0,2,-2090,586,2676,YES
Fantastic Bronze Keyboard,2693,2158,-535,11364,11364,0,3,1,0,2,-2101,574,2675,YES
Ergonomic Bronze Shoes,2363,1829,-534,9630,9630,0,1,0,0,1,-2185,485,2670,YES
Aerodynamic Copper Bag,2528,1995,-533,10505,10505,0,1,0,0,1,-2135,530,2665,YES
Synergistic Granite Chair,2883,2352,-531,12383,12383,0,2,1,0,1,-2032,623,2655,YES
Practical Granite Chair,2815,2286,-529,12035,12035,0,1,0,0,1,-2040,605,2645,YES
Rustic Leather Watch,2214,1686,-528,8875,8875,0,1,0,0,1,-2195,445,2640,YES
Ergonomic Wool Shirt,2810,2570,-240,29766,29766,0,3,1,1,3,-1144,1496,2640,YES
Practical Concrete Chair,2724,1847,-877,5835,5835,0,1,0,0,1,-2337,294,2631,YES
Synergistic Wooden Clock,3185,2966,-219,37481,37481,0,3,2,1,2,-739,1889,2628,YES
Lightweight Cotton Car,3032,1727,-1305,3636,3636,0,1,0,0,1,-2428,182,2610,YES
Small Silk Knife,2142,1620,-522,8205,8205,0,1,0,0,1,-2505,105,2610,YES
Awesome Copper Bottle,2656,1787,-869,5628,5628,0,1,0,0,1,-2340,267,2607,YES
Incredible Granite Lamp,2724,2073,-651,8732,8732,0,1,0,0,1,-2164,440,2604,YES
Durable Plastic Bottle,2380,1730,-650,7108,7108,0,1,0,0,1,-2412,188,2600,YES
Awesome Cotton Watch,3027,1729,-1298,3642,3642,0,1,0,0,1,-2412,184,2596,YES
Fantastic Wooden Coat,3047,1752,-1295,3690,3690,0,1,0,0,1,-2404,186,2590,YES
Aerodynamic Wooden Keyboard,2627,2109,-518,11105,11105,0,1,0,0,1,-2030,560,2590,YES
Incredible Bronze Shoes,3054,2410,-644,10148,10148,0,1,0,0,1,-2068,508,2576,YES
Durable Granite Clock,3121,2265,-856,7155,7155,0,1,0,0,1,-2208,360,2568,YES
Practical Silk Plate,1942,1621,-321,13663,13663,0,3,3,1,1,-1873,695,2568,YES
Sleek Leather Bottle,1906,1265,-641,5328,5328,0,1,0,0,1,-2296,268,2564,YES
Lightweight Linen Bag,2256,1890,-366,13936,13936,0,2,0,0,2,-1856,706,2562,YES
Rustic Concrete Shoes,1740,1228,-512,6467,6467,0,2,1,0,1,-2233,327,2560,YES
Gorgeous Wool Wallet,2485,1852,-633,7800,7800,0,1,0,0,1,-2140,392,2532,YES
Practical Plastic Car,2717,1455,-1262,3064,3064,0,1,0,0,1,-2370,154,2524,YES
Ergonomic Rubber Hat,2044,1796,-248,18916,18916,0,3,1,1,3,-1524,956,2480,YES
Sleek Steel Coat,2452,2040,-412,12888,12888,0,2,0,0,2,-1824,648,2472,YES
Intelligent Cotton Computer,1808,1315,-493,6927,6927,0,2,0,0,2,-2113,352,2465,YES
Synergistic Paper Clock,2545,1933,-612,8140,8140,0,1,0,0,1,-2040,408,2448,YES
Aerodynamic Leather Lamp,3173,1957,-1216,4120,4120,0,1,0,0,1,-2226,206,2432,YES
Heavy Duty Silk Lamp,3281,2068,-1213,4354,4354,0,1,0,0,1,-2208,218,2426,YES
Lightweight Wooden Chair,2196,1590,-606,6696,6696,0,1,0,0,1,-2088,336,2424,YES
Sleek Marble Chair,3084,1879,-1205,3956,3956,0,1,0,0,1,-2212,198,2410,YES
Awesome Plastic Clock,3039,2237,-802,7065,7065,0,1,0,0,1,-2052,354,2406,YES
Heavy Duty Copper Car,2273,1672,-601,7046,7046,0,2,0,0,2,-2046,358,2404,YES
Lightweight Linen Knife,2683,1885,-798,5955,5955,0,1,0,0,1,-2094,300,2394,YES
Ergonomic Wool Pants,2023,1426,-597,5972,5972,0,1,0,0,1,-2120,268,2388,YES
Practical Iron Bag,2756,1563,-1193,3292,3292,0,1,0,0,1,-2220,166,2386,YES
Intelligent Wool Shirt,1961,1484,-477,7815,7815,0,1,0,0,1,-1990,395,2385,YES
Incredible Paper Car,1753,1278,-475,6730,6730,0,1,0,0,1,-2035,340,2375,YES
Synergistic Iron Bottle,2536,1349,-1187,2842,2842,0,1,0,0,1,-2230,144,2374,YES
Heavy Duty Paper Coat,2236,1446,-790,4571,4571,0,2,1,0,1,-2137,233,2370,YES
Enormous Rubber Clock,3163,2375,-788,7500,7500,0,1,0,0,1,-1989,375,2364,YES
Mediocre Aluminum Coat,2859,2388,-471,12570,12570,0,1,0,0,1,-1725,630,2355,YES
Incredible Cotton Computer,2284,1697,-587,7148,7148,0,1,0,0,1,-1988,360,2348,YES
Rustic Linen Lamp,2956,2174,-782,6867,6867,0,1,0,0,1,-2001,345,2346,YES
Practical Linen Knife,2041,1455,-586,6128,6128,0,1,0,0,1,-2036,308,2344,YES
Intelligent Iron Coat,3114,1946,-1168,4098,4098,0,1,0,0,1,-2130,206,2336,YES
Fantastic Linen Knife,2306,1920,-386,12132,12132,0,2,1,0,1,-1704,612,2316,YES
Practical Granite Car,2885,2307,-578,9716,9716,0,1,0,0,1,-1824,488,2312,YES
Fantastic Copper Car,2672,2095,-577,8824,8824,0,1,0,0,1,-1864,444,2308,YES
Synergistic Cotton Bottle,2167,1398,-769,4416,4416,0,1,0,0,1,-2085,222,2307,YES
Lightweight Rubber Shoes,2534,2150,-384,13587,13587,0,3,1,0,2,-1617,687,2304,YES
Mediocre Wooden Table,2422,1849,-573,7564,7564,0,1,0,0,1,-2124,168,2292,YES
Gorgeous Steel Bench,2635,2253,-382,14236,14236,0,2,1,0,1,-1574,718,2292,YES
Synergistic Wool Watch,2514,2260,-254,21414,21414,0,2,0,0,2,-1212,1074,2286,YES
Lightweight Rubber Computer,1864,1293,-571,5448,5448,0,1,0,0,1,-2008,276,2284,YES
Gorgeous Iron Computer,2915,2346,-569,9880,9880,0,1,0,0,1,-1780,496,2276,YES
Awesome Wooden Pants,2689,2121,-568,8932,8932,0,3,2,0,1,-1824,448,2272,YES
Mediocre Linen Clock,2384,1818,-566,7308,7308,0,1,0,0,1,-2228,36,2264,YES
Incredible Wooden Table,2739,1610,-1129,3390,3390,0,1,0,0,1,-2088,170,2258,YES
Intelligent Wool Shirt,2061,1610,-451,8479,8479,0,2,1,0,1,-1826,429,2255,YES
Heavy Duty Granite Plate,2657,2094,-563,8820,8820,0,1,0,0,1,-1808,444,2252,YES
Lightweight Iron Bench,2161,1602,-559,6748,6748,0,1,0,0,1,-1896,340,2236,YES
Durable Linen Clock,2243,1924,-319,14186,14186,0,2,0,0,2,-1515,718,2233,YES
Small Marble Keyboard,2379,1822,-557,7673,7673,0,2,0,0,2,-1843,385,2228,YES
Sleek Iron Chair,2089,1966,-123,37273,37273,0,4,4,1,1,-329,1885,2214,YES
Synergistic Aluminum Bag,2435,1993,-442,10490,10490,0,1,0,0,1,-1685,525,2210,YES
Sleek Copper Table,2327,1779,-548,7492,7492,0,1,0,0,1,-1816,376,2192,YES
Ergonomic Linen Clock,1775,1339,-436,7053,7053,0,2,1,0,1,-1822,358,2180,YES
Rustic Aluminum Computer,2671,1584,-1087,3318,3318,0,1,0,0,1,-2024,150,2174,YES
Sleek Plastic Wallet,2887,2165,-722,6837,6837,0,2,1,0,1,-1824,342,2166,YES
Practical Bronze Plate,2669,1591,-1078,3350,3350,0,1,0,0,1,-1988,168,2156,YES
Aerodynamic Cotton Shirt,3082,2651,-431,13959,13959,0,2,1,0,1,-1451,704,2155,YES
Incredible Marble Hat,2825,1748,-1077,3680,3680,0,1,0,0,1,-1970,184,2154,YES
Ergonomic Bronze Car,3104,2566,-538,10808,10808,0,2,0,0,2,-1608,544,2152,YES
Enormous Rubber Knife,2423,1993,-430,10490,10490,0,1,0,0,1,-1625,525,2150,YES
Ergonomic Linen Wallet,2566,2138,-428,11255,11255,0,1,0,0,1,-1575,565,2140,YES
Lightweight Leather Hat,2550,1838,-712,5691,5691,0,1,0,0,1,-1959,177,2136,YES
Aerodynamic Steel Wallet,2392,1859,-533,7828,7828,0,1,0,0,1,-1740,392,2132,YES
Small Rubber Bottle,2046,1342,-704,4239,4239,0,1,0,0,1,-1899,213,2112,YES
Ergonomic Cotton Bag,2808,1763,-1045,3712,3712,0,2,1,0,1,-1904,186,2090,YES
Lightweight Cotton Car,2654,2132,-522,8980,8980,0,1,0,0,1,-1636,452,2088,YES
Mediocre Wooden Coat,1881,1186,-695,3699,3699,0,1,0,0,1,-1944,141,2085,YES
Lightweight Iron Bag,1749,1229,-520,5176,5176,0,1,0,0,1,-1820,260,2080,YES
Fantastic Aluminum Chair,2298,1882,-416,9910,9910,0,1,0,0,1,-1580,500,2080,YES
Enormous Iron Gloves,2605,2190,-415,11530,11530,0,1,0,0,1,-1495,580,2075,YES
Aerodynamic Leather Lamp,2549,2134,-415,11235,11235,0,1,0,0,1,-1510,565,2075,YES
Incredible Iron Hat,2205,1687,-518,7104,7104,0,1,0,0,1,-1716,356,2072,YES
Small Leather Knife,1621,1220,-401,6429,6429,0,2,0,0,2,-1676,329,2005,YES
Lightweight Granite Knife,2906,2505,-401,13185,13185,0,1,0,0,1,-1345,660,2005,YES
Lightweight Copper Bench,2294,1295,-999,2648,2648,0,1,0,0,1,-1940,58,1998,YES
Practical Rubber Lamp,1686,1189,-497,5008,5008,0,1,0,0,1,-1736,252,1988,YES
Small Silk Watch,2143,1150,-993,2422,2422,0,1,0,0,1,-1864,122,1986,YES
Practical Paper Table,2327,1667,-660,5265,5265,0,1,0,0,1,-1716,264,1980,YES
Lightweight Cotton Plate,2927,2434,-493,10255,10255,0,2,0,0,2,-1453,519,1972,YES
Aerodynamic Steel Keyboard,2009,1354,-655,4083,4083,0,1,0,0,1,-1944,21,1965,YES
Synergistic Granite Lamp,2220,2026,-194,21336,21336,0,3,1,1,3,-864,1076,1940,YES
Intelligent Marble Table,2141,1657,-484,6980,6980,0,2,1,0,1,-1584,352,1936,YES
Enormous Wool Computer,2397,2155,-242,18159,18159,0,3,3,1,1,-1017,919,1936,YES
Incredible Wool Bench,2250,1865,-385,9820,9820,0,1,0,0,1,-1430,495,1925,YES
Awesome Copper Chair,2934,2453,-481,10332,10332,0,1,0,0,1,-1404,520,1924,YES
Mediocre Wooden Keyboard,2883,1931,-952,4066,4066,0,1,0,0,1,-1700,204,1904,YES
Awesome Copper Shoes,2133,1862,-271,13728,13728,0,2,0,0,2,-1203,694,1897,YES
Enormous Wooden Bottle,1910,1532,-378,8065,8065,0,1,0,0,1,-1485,405,1890,YES
Aerodynamic Iron Clock,2578,2108,-470,8876,8876,0,1,0,0,1,-1436,444,1880,YES
Awesome Rubber Plate,3309,2379,-930,5010,5010,0,1,0,0,1,-1608,252,1860,YES
Aerodynamic Marble Watch,2573,1955,-618,6174,6174,0,1,0,0,1,-1545,309,1854,YES
Enormous Rubber Pants,3258,2334,-924,4914,4914,0,1,0,0,1,-1602,246,1848,YES
Rustic Silk Bottle,2192,1886,-306,11918,11918,0,3,1,0,2,-1234,602,1836,YES
Mediocre Leather Gloves,2169,1802,-367,9485,9485,0,1,0,0,1,-1360,475,1835,YES
Heavy Duty Bronze Watch,3229,2621,-608,8278,8278,0,2,1,0,1,-1409,415,1824,YES
Practical Leather Bottle,2791,1883,-908,3966,3966,0,1,0,0,1,-1616,200,1816,YES
Gorgeous Wool Table,2854,2401,-453,10115,10115,0,2,0,0,2,-1301,511,1812,YES
Rustic Wool Plate,1599,1149,-450,4840,4840,0,1,0,0,1,-1556,244,1800,YES
Durable Silk Pants,2553,2103,-450,8856,8856,0,1,0,0,1,-1356,444,1800,YES
Small Concrete Lamp,2809,2451,-358,12905,12905,0,1,0,0,1,-1140,650,1790,YES
Lightweight Rubber Bench,2445,1849,-596,5781,5781,0,1,0,0,1,-1554,234,1788,YES
Heavy Duty Paper Car,2207,1952,-255,14385,14385,0,2,1,0,1,-1064,721,1785,YES
Aerodynamic Linen Bottle,2380,1490,-890,3138,3138,0,1,0,0,1,-1622,158,1780,YES
Aerodynamic Granite Bag,2322,1966,-356,10354,10354,0,2,1,0,1,-1256,524,1780,YES
Awesome Marble Gloves,2550,1957,-593,6180,6180,0,1,0,0,1,-1470,309,1779,YES
Aerodynamic Concrete Shoes,2332,1889,-443,7956,7956,0,1,0,0,1,-1372,400,1772,YES
Incredible Cotton Clock,2123,1537,-586,4854,4854,0,1,0,0,1,-1515,243,1758,YES
Heavy Duty Linen Pants,2611,2030,-581,6411,6411,0,1,0,0,1,-1422,321,1743,YES
Intelligent Marble Bag,2864,2295,-569,7249,7249,0,2,1,0,1,-1343,364,1707,YES
Mediocre Leather Car,2049,1483,-566,4687,4687,0,2,0,0,2,-1460,238,1698,YES
Intelligent Wool Shirt,1822,1256,-566,3969,3969,0,2,1,0,1,-1497,201,1698,YES
Sleek Wool Plate,1961,1622,-339,8540,8540,0,1,0,0,1,-1265,430,1695,YES
Fantastic Copper Clock,2127,1562,-565,4935,4935,0,1,0,0,1,-1446,249,1695,YES
Sleek Copper Bench,2975,2552,-423,10750,10750,0,2,1,0,1,-1150,542,1692,YES
Sleek Silk Coat,2548,1985,-563,6042,6042,0,1,0,0,1,-1602,87,1689,YES
Gorgeous Steel Lamp,2389,2053,-336,10810,10810,0,1,0,0,1,-1135,545,1680,YES
Enormous Aluminum Shirt,2521,1689,-832,3556,3556,0,1,0,0,1,-1486,178,1664,YES
Lightweight Concrete Shoes,2046,1929,-117,28443,28443,0,3,1,1,3,-201,1437,1638,YES
Ergonomic Leather Shirt,1610,1064,-546,3360,3360,0,1,0,0,1,-1470,168,1638,YES
Durable Wooden Knife,2262,1718,-544,5427,5427,0,1,0,0,1,-1359,273,1632,YES
Heavy Duty Wooden Computer,2365,1822,-543,5754,5754,0,1,0,0,1,-1341,288,1629,YES
Heavy Duty Bronze Bench,2271,1728,-543,5457,5457,0,1,0,0,1,-1356,273,1629,YES
Rustic Plastic Computer,2709,2304,-405,9704,9704,0,1,0,0,1,-1132,488,1620,YES
Rustic Wool Clock,2771,1965,-806,4138,4138,0,1,0,0,1,-1404,208,1612,YES
Incredible Wooden Pants,2237,1434,-803,3020,3020,0,1,0,0,1,-1454,152,1606,YES
Lightweight Granite Coat,3148,2346,-802,4940,4940,0,1,0,0,1,-1356,248,1604,YES
Enormous Steel Clock,2358,1825,-533,5766,5766,0,1,0,0,1,-1308,291,1599,YES
Ergonomic Copper Pants,2499,1701,-798,3582,3582,0,1,0,0,1,-1416,180,1596,YES
Durable Cotton Table,2243,1712,-531,5409,5409,0,1,0,0,1,-1320,273,1593,YES
Intelligent Iron Chair,2714,2183,-531,6894,6894,0,1,0,0,1,-1248,345,1593,YES
Practical Cotton Shirt,2340,2024,-316,10655,10655,0,1,0,0,1,-1045,535,1580,YES
Ergonomic Rubber Coat,2629,2433,-196,20503,20503,0,3,2,1,2,-529,1039,1568,YES
Durable Rubber Computer,2674,2500,-174,23688,23688,0,3,2,1,2,-378,1188,1566,YES
Awesome Leather Knife,2053,1532,-521,4839,4839,0,1,0,0,1,-1320,243,1563,YES
Intelligent Wooden Keyboard,2559,2299,-260,14522,14522,0,2,1,0,1,-832,728,1560,YES
Ergonomic Wooden Pants,1987,1600,-387,6740,6740,0,1,0,0,1,-1208,340,1548,YES
Intelligent Leather Keyboard,1628,1241,-387,5230,5230,0,2,0,0,2,-1282,266,1548,YES
Rustic Silk Coat,2690,2176,-514,6873,6873,0,1,0,0,1,-1197,345,1542,YES
Rustic Cotton Table,2600,1830,-770,3854,3854,0,1,0,0,1,-1346,194,1540,YES
Mediocre Concrete Hat,2647,2341,-306,12325,12325,0,2,0,0,2,-910,620,1530,YES
Mediocre Linen Wallet,2747,2441,-306,12850,12850,0,1,0,0,1,-885,645,1530,YES
Small Copper Watch,2297,1917,-380,8072,8072,0,1,0,0,1,-1116,404,1520,YES
Intelligent Bronze Shirt,1969,1843,-126,23293,23293,0,3,1,1,3,-335,1177,1512,YES
Heavy Duty Silk Lamp,2419,1919,-500,6063,6063,0,2,1,0,1,-1194,306,1500,YES
Rustic Paper Wallet,2361,1616,-745,3404,3404,0,1,0,0,1,-1318,172,1490,YES
Heavy Duty Rubber Computer,2971,2475,-496,7818,7818,0,1,0,0,1,-1095,393,1488,YES
Incredible Leather Chair,2664,2169,-495,6852,6852,0,2,0,0,2,-1140,345,1485,YES
Synergistic Marble Knife,2022,1728,-294,9095,9095,0,1,0,0,1,-1015,455,1470,YES
Ergonomic Concrete Shoes,2387,2025,-362,8528,8528,0,1,0,0,1,-1020,428,1448,YES
Heavy Duty Silk Hat,3128,1687,-1441,1776,1776,0,1,0,0,1,-1352,89,1441,YES
Enormous Plastic Table,2619,1899,-720,3998,3998,0,1,0,0,1,-1240,200,1440,YES
Synergistic Cotton Bench,2091,1803,-288,9494,9494,0,2,0,0,2,-961,479,1440,YES
Heavy Duty Steel Wallet,1567,1090,-477,3444,3444,0,1,0,0,1,-1257,174,1431,YES
Enormous Silk Shirt,2028,1742,-286,9170,9170,0,1,0,0,1,-970,460,1430,YES
Awesome Silk Bottle,2348,1872,-476,5913,5913,0,1,0,0,1,-1131,297,1428,YES
Lightweight Wooden Pants,2414,2057,-357,8664,8664,0,1,0,0,1,-992,436,1428,YES
Mediocre Cotton Keyboard,1632,1276,-356,5376,5376,0,1,0,0,1,-1152,272,1424,YES
Rustic Iron Shoes,2934,2579,-355,10860,10860,0,1,0,0,1,-876,544,1420,YES
Mediocre Marble Pants,2720,2012,-708,4236,4236,0,2,0,0,2,-1204,212,1416,YES
Rustic Concrete Gloves,2593,1896,-697,3830,3830,0,1,0,0,1,-1356,38,1394,YES
Enormous Leather Car,2019,1557,-462,4917,4917,0,1,0,0,1,-1140,246,1386,YES
Intelligent Rubber Bench,2771,2311,-460,7299,7299,0,1,0,0,1,-1014,366,1380,YES
Aerodynamic Plastic Shirt,2616,2157,-459,6813,6813,0,1,0,0,1,-1035,342,1377,YES
Heavy Duty Silk Gloves,2131,1443,-688,3038,3038,0,1,0,0,1,-1224,152,1376,YES
Enormous Bronze Bottle,1678,1334,-344,5620,5620,0,1,0,0,1,-1092,284,1376,YES
Fantastic Paper Watch,2660,2385,-275,12555,12555,0,1,0,0,1,-745,630,1375,YES
Durable Concrete Car,2049,1592,-457,5028,5028,0,1,0,0,1,-1119,252,1371,YES
Small Granite Shoes,2281,1596,-685,3362,3362,0,1,0,0,1,-1200,170,1370,YES
Rustic Leather Bottle,2338,1655,-683,3464,3464,0,1,0,0,1,-1212,154,1366,YES
Gorgeous Steel Shoes,3067,2614,-453,8256,8256,0,1,0,0,1,-945,414,1359,YES
Small Plastic Hat,2517,1838,-679,3870,3870,0,1,0,0,1,-1164,194,1358,YES
Sleek Linen Shoes,2763,2311,-452,7299,7299,0,1,0,0,1,-990,366,1356,YES
Rustic Cotton Car,2360,2090,-270,11005,11005,0,1,0,0,1,-795,555,1350,YES
Fantastic Steel Bench,1952,1685,-267,8870,8870,0,1,0,0,1,-890,445,1335,YES
Synergistic Steel Keyboard,2473,2028,-445,6405,6405,0,1,0,0,1,-1014,321,1335,YES
Awesome Cotton Bottle,2618,1957,-661,4120,4120,0,1,0,0,1,-1116,206,1322,YES
Synergistic Copper Pants,2873,2223,-650,4682,4682,0,1,0,0,1,-1064,236,1300,YES
Incredible Linen Gloves,2362,2040,-322,8592,8592,0,1,0,0,1,-856,432,1288,YES
Synergistic Wooden Table,2899,2260,-639,4758,4758,0,1,0,0,1,-1040,238,1278,YES
Heavy Duty Marble Clock,2619,2195,-424,6933,6933,0,2,0,0,2,-924,348,1272,YES
Sleek Wooden Shirt,2360,1938,-422,6123,6123,0,1,0,0,1,-957,309,1266,YES
Small Aluminum Bag,3267,3014,-253,15865,15865,0,1,0,0,1,-470,795,1265,YES
Small Iron Bottle,2688,2435,-253,12820,12820,0,1,0,0,1,-620,645,1265,YES
Ergonomic Iron Clock,1792,1476,-316,6218,6218,0,2,1,0,1,-950,314,1264,YES
Durable Linen Keyboard,2860,2439,-421,7705,7705,0,2,1,0,1,-875,388,1263,YES
Sleek Marble Knife,2732,2311,-421,7299,7299,0,1,0,0,1,-897,366,1263,YES
Incredible Bronze Keyboard,3176,1914,-1262,2015,2015,0,1,0,0,1,-1161,101,1262,YES
Sleek Cotton Keyboard,2612,2192,-420,6924,6924,0,1,0,0,1,-912,348,1260,YES
Awesome Iron Table,1693,1277,-416,4035,4035,0,1,0,0,1,-1044,204,1248,YES
Synergistic Paper Knife,2542,1298,-1244,1367,1367,0,1,0,0,1,-1175,69,1244,YES
Awesome Copper Knife,2603,2191,-412,6921,6921,0,1,0,0,1,-888,348,1236,YES
Fantastic Paper Watch,2869,2457,-412,7761,7761,0,1,0,0,1,-846,390,1236,YES
Sleek Linen Chair,3091,2476,-615,5214,5214,0,1,0,0,1,-968,262,1230,YES
Incredible Leather Car,3128,1908,-1220,2009,2009,0,1,0,0,1,-1119,101,1220,YES
Practical Wool Bench,3139,1919,-1220,2020,2020,0,1,0,0,1,-1119,101,1220,YES
Small Concrete Wallet,1894,1493,-401,4716,4716,0,1,0,0,1,-966,237,1203,YES
Heavy Duty Granite Gloves,2311,2071,-240,10900,10900,0,1,0,0,1,-655,545,1200,YES
Awesome Silk Watch,2420,2181,-239,11483,11483,0,2,1,0,1,-617,578,1195,YES
Sleek Leather Plate,2542,1946,-596,4098,4098,0,1,0,0,1,-986,206,1192,YES
Synergistic Marble Pants,1990,1395,-595,2938,2938,0,1,0,0,1,-1042,148,1190,YES
Fantastic Paper Lamp,2408,2012,-396,6354,6354,0,1,0,0,1,-870,318,1188,YES
Fantastic Steel Watch,2047,1457,-590,3068,3068,0,1,0,0,1,-1026,154,1180,YES
Enormous Granite Car,2921,1742,-1179,1834,1834,0,1,0,0,1,-1087,92,1179,YES
Lightweight Wool Bag,2976,2585,-391,8166,8166,0,1,0,0,1,-762,411,1173,YES
Lightweight Steel Shirt,3044,2751,-293,11584,11584,0,1,0,0,1,-592,580,1172,YES
Rustic Aluminum Chair,1841,1548,-293,6520,6520,0,1,0,0,1,-844,328,1172,YES
Small Aluminum Chair,2576,1411,-1165,1486,1486,0,1,0,0,1,-1090,75,1165,YES
Enormous Linen Table,1847,1271,-576,2676,2676,0,1,0,0,1,-1018,134,1152,YES
Synergistic Steel Coat,3033,2459,-574,5178,5178,0,1,0,0,1,-888,260,1148,YES
Incredible Wool Table,1615,1045,-570,2092,2092,0,1,0,0,1,-1138,2,1140,YES
Rustic Marble Wallet,2391,2202,-189,13910,13910,0,2,0,0,2,-436,698,1134,YES
Aerodynamic Wool Bench,2720,1586,-1134,1670,1670,0,1,0,0,1,-1050,84,1134,YES
Small Leather Bag,2106,1729,-377,5460,5460,0,1,0,0,1,-858,273,1131,YES
Gorgeous Linen Bag,2278,2052,-226,10804,10804,0,2,0,0,2,-586,544,1130,YES
Mediocre Concrete Chair,2458,1898,-560,3996,3996,0,1,0,0,1,-920,200,1120,YES
Rustic Cotton Watch,2194,1637,-557,3449,3449,0,2,1,0,1,-939,175,1114,YES
Gorgeous Concrete Coat,1795,1241,-554,2522,2522,0,1,0,0,1,-1068,40,1108,YES
Gorgeous Cotton Shoes,2331,2110,-221,11110,11110,0,1,0,0,1,-545,560,1105,YES
Synergistic Plastic Chair,3087,1985,-1102,2090,2090,0,1,0,0,1,-997,105,1102,YES
Durable Leather Hat,2296,2076,-220,10930,10930,0,1,0,0,1,-550,550,1100,YES
Mediocre Bronze Lamp,2313,1214,-1099,1218,1218,0,1,0,0,1,-1095,4,1099,YES
Incredible Bronze Bench,2576,2028,-548,4270,4270,0,1,0,0,1,-882,214,1096,YES
Awesome Linen Wallet,1898,1538,-360,4857,4857,0,1,0,0,1,-837,243,1080,YES
Heavy Duty Paper Coat,2140,1781,-359,5625,5625,0,1,0,0,1,-795,282,1077,YES
Practical Paper Keyboard,2301,2032,-269,8556,8556,0,1,0,0,1,-648,428,1076,YES
Fantastic Granite Plate,2900,2364,-536,4978,4978,0,1,0,0,1,-822,250,1072,YES
Intelligent Linen Knife,2367,2011,-356,6351,6351,0,1,0,0,1,-750,318,1068,YES
Awesome Steel Computer,2499,1446,-1053,1523,1523,0,1,0,0,1,-976,77,1053,YES
Heavy Duty Leather Table,3081,2030,-1051,2137,2137,0,1,0,0,1,-944,107,1051,YES
Heavy Duty Iron Bottle,2869,2660,-209,14000,14000,0,1,0,0,1,-345,700,1045,YES
Aerodynamic Steel Chair,2843,2496,-347,7884,7884,0,1,0,0,1,-645,396,1041,YES
Durable Wool Bench,2759,2240,-519,4716,4716,0,1,0,0,1,-802,236,1038,YES
Durable Wooden Hat,2651,2536,-115,24036,24036,0,3,2,1,2,177,1212,1035,YES
Rustic Plastic Clock,1904,1387,-517,2920,2920,0,1,0,0,1,-888,146,1034,YES
Lightweight Aluminum Coat,3040,2528,-512,5324,5324,0,1,0,0,1,-756,268,1024,YES
Enormous Copper Wallet,3143,2119,-1024,2231,2231,0,1,0,0,1,-912,112,1024,YES
Rustic Rubber Bottle,2656,2316,-340,7314,7314,0,1,0,0,1,-654,366,1020,YES
Rustic Concrete Bottle,2507,1997,-510,4130,4130,0,1,0,0,1,-884,136,1020,YES
Synergistic Marble Gloves,2679,1659,-1020,1747,1747,0,1,0,0,1,-932,88,1020,YES
Ergonomic Wool Coat,3171,2672,-499,5626,5626,0,2,1,0,1,-716,282,998,YES
Lightweight Steel Bottle,1855,1356,-499,2856,2856,0,1,0,0,1,-854,144,998,YES
Rustic Plastic Clock,2102,1938,-164,12243,12243,0,2,1,0,1,-369,615,984,YES
Sleek Bronze Car,2684,1707,-977,1797,1797,0,1,0,0,1,-887,90,977,YES
Durable Wool Clock,2603,2408,-195,12675,12675,0,1,0,0,1,-340,635,975,YES
Synergistic Steel Car,1561,1236,-325,3906,3906,0,1,0,0,1,-777,198,975,YES
Enormous Plastic Car,2236,1753,-483,3692,3692,0,1,0,0,1,-780,186,966,YES
Small Iron Hat,2636,1677,-959,1766,1766,0,1,0,0,1,-870,89,959,YES
Mediocre Marble Bag,2200,1881,-319,5943,5943,0,1,0,0,1,-657,300,957,YES
Rustic Linen Coat,1951,1633,-318,5158,5158,0,2,0,0,2,-695,259,954,YES
Heavy Duty Iron Watch,3256,3068,-188,16150,16150,0,1,0,0,1,-130,810,940,YES
Heavy Duty Silk Gloves,2342,2029,-313,6408,6408,0,1,0,0,1,-618,321,939,YES
Fantastic Rubber Hat,1716,1406,-310,4440,4440,0,1,0,0,1,-708,222,930,YES
Mediocre Silk Bench,2254,2023,-231,8520,8520,0,1,0,0,1,-496,428,924,YES
Ergonomic Iron Plate,2816,2513,-303,7938,7938,0,1,0,0,1,-510,399,909,YES
Ergonomic Steel Watch,2258,1807,-451,3806,3806,0,1,0,0,1,-710,192,902,YES
Incredible Rubber Hat,3036,2811,-225,11836,11836,0,1,0,0,1,-308,592,900,YES
Enormous Paper Chair,2366,2186,-180,11510,11510,0,1,0,0,1,-320,580,900,YES
Rustic Cotton Wallet,2254,1359,-895,1431,1431,0,1,0,0,1,-823,72,895,YES
Small Linen Wallet,1865,1642,-223,6916,6916,0,1,0,0,1,-544,348,892,YES
Mediocre Silk Hat,2652,2356,-296,7440,7440,0,1,0,0,1,-516,372,888,YES
Synergistic Plastic Bag,2804,2509,-295,7926,7926,0,1,0,0,1,-486,399,885,YES
Mediocre Wool Bottle,1783,1343,-440,2828,2828,0,1,0,0,1,-738,142,880,YES
Small Paper Chair,1918,1743,-175,9179,9179,0,2,0,0,2,-411,464,875,YES
Intelligent Wooden Car,3225,3007,-218,12664,12664,0,1,0,0,1,-236,636,872,YES
Awesome Marble Watch,2529,2356,-173,12400,12400,0,1,0,0,1,-245,620,865,YES
Ergonomic Rubber Coat,2516,1653,-863,1741,1741,0,1,0,0,1,-775,88,863,YES
Aerodynamic Wooden Pants,2405,1976,-429,4162,4162,0,1,0,0,1,-648,210,858,YES
Fantastic Cotton Shirt,3178,2322,-856,2445,2445,0,1,0,0,1,-733,123,856,YES
Gorgeous Linen Shoes,2599,1744,-855,1836,1836,0,1,0,0,1,-763,92,855,YES
Fantastic Iron Keyboard,2813,1960,-853,2064,2064,0,1,0,0,1,-749,104,853,YES
Durable Plastic Chair,1861,1649,-212,6944,6944,0,1,0,0,1,-500,348,848,YES
Incredible Linen Coat,2261,1843,-418,3882,3882,0,1,0,0,1,-640,196,836,YES
Lightweight Plastic Clock,3181,2903,-278,9168,9168,0,1,0,0,1,-375,459,834,YES
Heavy Duty Bronze Hat,2433,2017,-416,4248,4248,0,1,0,0,1,-618,214,832,YES
Practical Copper Plate,2739,1914,-825,2015,2015,0,1,0,0,1,-724,101,825,YES
Gorgeous Paper Gloves,2995,2584,-411,5443,5443,0,2,0,0,2,-547,275,822,YES
Synergistic Linen Keyboard,2500,2092,-408,4406,4406,0,1,0,0,1,-594,222,816,YES
Aerodynamic Wool Bottle,2403,2138,-265,6753,6753,0,1,0,0,1,-456,339,795,YES
Awesome Iron Shoes,2259,1464,-795,1542,1542,0,1,0,0,1,-717,78,795,YES
Incredible Linen Bottle,2302,1905,-397,4012,4012,0,1,0,0,1,-592,202,794,YES
Enormous Concrete Gloves,2983,2785,-198,11728,11728,0,1,0,0,1,-204,588,792,YES
Ergonomic Paper Gloves,2376,2179,-197,9176,9176,0,1,0,0,1,-328,460,788,YES
Gorgeous Silk Car,2660,2267,-393,4774,4774,0,1,0,0,1,-546,240,786,YES
Awesome Cotton Keyboard,2696,2304,-392,4852,4852,0,1,0,0,1,-540,244,784,YES
Heavy Duty Silk Lamp,1889,1497,-392,3152,3152,0,1,0,0,1,-626,158,784,YES
Incredible Bronze Bag,1668,1283,-385,2702,2702,0,1,0,0,1,-634,136,770,YES
Rustic Cotton Table,2646,2263,-383,4766,4766,0,1,0,0,1,-526,240,766,YES
Durable Rubber Shirt,3435,3180,-255,10044,10044,0,1,0,0,1,-261,504,765,YES
Awesome Cotton Pants,2390,1625,-765,1711,1711,0,1,0,0,1,-679,86,765,YES
Intelligent Rubber Watch,2531,1767,-764,1861,1861,0,1,0,0,1,-670,94,764,YES
Intelligent Wooden Clock,2583,1824,-759,1921,1921,0,1,0,0,1,-662,97,759,YES
Sleek Granite Shirt,1934,1681,-253,5310,5310,0,1,0,0,1,-492,267,759,YES
Heavy Duty Concrete Computer,3001,2245,-756,2364,2364,0,1,0,0,1,-637,119,756,YES
Small Rubber Chair,2641,1886,-755,1986,1986,0,1,0,0,1,-655,100,755,YES
Lightweight Rubber Clock,1969,1819,-150,9575,9575,0,1,0,0,1,-270,480,750,YES
Synergistic Concrete Shirt,2303,1930,-373,4064,4064,0,1,0,0,1,-542,204,746,YES
Lightweight Bronze Knife,1950,1577,-373,3320,3320,0,1,0,0,1,-580,166,746,YES
Heavy Duty Plastic Bench,2147,1415,-732,1456,1456,0,1,0,0,1,-691,41,732,YES
Sleek Wooden Clock,1998,1267,-731,1334,1334,0,1,0,0,1,-664,67,731,YES
Durable Marble Plate,2674,2529,-145,13315,13315,0,1,0,0,1,-55,670,725,YES
Durable Bronze Plate,2724,2001,-723,2107,2107,0,1,0,0,1,-617,106,723,YES
Mediocre Silk Hat,1645,1289,-356,2714,2714,0,1,0,0,1,-576,136,712,YES
Intelligent Rubber Watch,2267,2089,-178,8796,8796,0,1,0,0,1,-272,440,712,YES
Aerodynamic Bronze Pants,2947,2710,-237,8559,8559,0,1,0,0,1,-282,429,711,YES
Sleek Concrete Table,1609,1254,-355,2640,2640,0,1,0,0,1,-578,132,710,YES
Durable Cotton Pants,2236,2095,-141,11030,11030,0,1,0,0,1,-150,555,705,YES
Lightweight Wool Table,2877,2642,-235,8346,8346,0,1,0,0,1,-285,420,705,YES
Aerodynamic Wool Hat,3036,2860,-176,12044,12044,0,1,0,0,1,-100,604,704,YES
Ergonomic Iron Shirt,1777,1544,-233,4880,4880,0,2,0,0,2,-451,248,699,YES
Durable Plastic Shirt,2598,1900,-698,2000,2000,0,1,0,0,1,-598,100,698,YES
Rustic Copper Gloves,2434,2091,-343,4404,4404,0,1,0,0,1,-464,222,686,YES
Heavy Duty Plastic Computer,2681,2544,-137,13390,13390,0,1,0,0,1,-15,670,685,YES
Fantastic Cotton Wallet,1935,1709,-226,5397,5397,0,1,0,0,1,-408,270,678,YES
Durable Wool Hat,1974,1807,-167,7612,7612,0,1,0,0,1,-284,384,668,YES
Awesome Cotton Shirt,1900,1734,-166,7304,7304,0,1,0,0,1,-296,368,664,YES
Gorgeous Cotton Clock,1850,1519,-331,3198,3198,0,1,0,0,1,-502,160,662,YES
Gorgeous Silk Shirt,2726,2403,-323,5060,5060,0,1,0,0,1,-392,254,646,YES
Incredible Wool Coat,2145,2017,-128,10623,10623,0,2,0,0,2,-102,538,640,YES
Awesome Granite Table,2879,2244,-635,2363,2363,0,1,0,0,1,-516,119,635,YES
Rustic Copper Computer,2181,1560,-621,1643,1643,0,1,0,0,1,-538,83,621,YES
Durable Aluminum Shoes,2585,1966,-619,2070,2070,0,1,0,0,1,-515,104,619,YES
Rustic Aluminum Clock,3347,2730,-617,2874,2874,0,1,0,0,1,-473,144,617,YES
Practical Wool Chair,1951,1339,-612,1405,1405,0,1,0,0,1,-546,66,612,YES
Small Paper Plate,2917,2310,-607,2432,2432,0,1,0,0,1,-485,122,607,YES
Incredible Bronze Coat,2559,2360,-199,7455,7455,0,1,0,0,1,-222,375,597,YES
Awesome Iron Watch,3100,2514,-586,2647,2647,0,1,0,0,1,-453,133,586,YES
Lightweight Leather Coat,3474,2893,-581,3046,3046,0,1,0,0,1,-428,153,581,YES
Practical Rubber Table,3095,2806,-289,5908,5908,0,1,0,0,1,-282,296,578,YES
Rustic Cotton Computer,3008,2719,-289,5726,5726,0,1,0,0,1,-290,288,578,YES
Sleek Concrete Watch,2198,2054,-144,8652,8652,0,1,0,0,1,-140,436,576,YES
Heavy Duty Cotton Shirt,2059,1771,-288,3730,3730,0,1,0,0,1,-388,188,576,YES
Durable Leather Computer,2173,1892,-281,3984,3984,0,1,0,0,1,-362,200,562,YES
Incredible Cotton Gloves,2687,2407,-280,5068,5068,0,1,0,0,1,-306,254,560,YES
Mediocre Leather Shoes,2626,2066,-560,2175,2175,0,1,0,0,1,-451,109,560,YES
Intelligent Iron Bench,1974,1414,-560,1489,1489,0,1,0,0,1,-485,75,560,YES
Heavy Duty Linen Bag,2087,1531,-556,1612,1612,0,1,0,0,1,-475,81,556,YES
Mediocre Concrete Bag,2592,2317,-275,4878,4878,0,1,0,0,1,-306,244,550,YES
Small Plastic Computer,2745,2199,-546,2315,2315,0,1,0,0,1,-430,116,546,YES
Awesome Marble Keyboard,1809,1673,-136,7048,7048,0,1,0,0,1,-188,356,544,YES
Sleek Aluminum Hat,1967,1427,-540,1503,1503,0,1,0,0,1,-464,76,540,YES
Awesome Rubber Chair,2061,1953,-108,10280,10280,0,1,0,0,1,-25,515,540,YES
Mediocre Concrete Plate,2278,1749,-529,1842,1842,0,1,0,0,1,-436,93,529,YES
Sleek Concrete Shirt,2781,2527,-254,5322,5322,0,1,0,0,1,-240,268,508,YES
Sleek Wooden Car,1748,1497,-251,3152,3152,0,1,0,0,1,-344,158,502,YES
Heavy Duty Concrete Gloves,2227,2104,-123,8860,8860,0,1,0,0,1,-48,444,492,YES
Sleek Cotton Shirt,2881,2636,-245,5550,5550,0,1,0,0,1,-212,278,490,YES
Gorgeous Linen Gloves,1690,1592,-98,8380,8380,0,1,0,0,1,-70,420,490,YES
Durable Concrete Bench,3341,2852,-489,3003,3003,0,1,0,0,1,-338,151,489,YES
Small Copper Shirt,1870,1627,-243,3426,3426,0,1,0,0,1,-314,172,486,YES
Sleek Cotton Car,1919,1678,-241,3534,3534,0,1,0,0,1,-304,178,482,YES
Rustic Linen Bottle,2809,2577,-232,5426,5426,0,1,0,0,1,-192,272,464,YES
Fantastic Steel Watch,2828,2364,-464,2489,2489,0,1,0,0,1,-339,125,464,YES
Small Wool Lamp,2261,1802,-459,1897,1897,0,1,0,0,1,-364,95,459,YES
Small Aluminum Plate,2535,2082,-453,2192,2192,0,1,0,0,1,-343,110,453,YES
Enormous Steel Knife,1818,1366,-452,1438,1438,0,1,0,0,1,-380,72,452,YES
Synergistic Wool Watch,2650,2220,-430,2337,2337,0,1,0,0,1,-313,117,430,YES
Enormous Copper Computer,2199,2056,-143,6495,6495,0,1,0,0,1,-102,327,429,YES
Intelligent Marble Watch,2760,2547,-213,5364,5364,0,1,0,0,1,-156,270,426,YES
Small Rubber Gloves,3324,2898,-426,3051,3051,0,1,0,0,1,-273,153,426,YES
Rustic Concrete Knife,2626,2485,-141,7848,7848,0,1,0,0,1,-30,393,423,YES
Small Linen Shoes,2597,2386,-211,5024,5024,0,1,0,0,1,-170,252,422,YES
Sleek Steel Keyboard,1761,1550,-211,3264,3264,0,1,0,0,1,-258,164,422,YES
Heavy Duty Paper Wallet,2058,1920,-138,6066,6066,0,1,0,0,1,-108,306,414,YES
Enormous Cotton Bag,2612,2200,-412,2316,2316,0,1,0,0,1,-296,116,412,YES
Gorgeous Silk Computer,2463,2257,-206,4752,4752,0,1,0,0,1,-174,238,412,YES
Awesome Iron Pants,3152,2947,-205,6206,6206,0,1,0,0,1,-98,312,410,YES
Incredible Leather Lamp,2373,2169,-204,4568,4568,0,1,0,0,1,-178,230,408,YES
Lightweight Plastic Hat,2222,1816,-406,1912,1912,0,1,0,0,1,-310,96,406,YES
Ergonomic Silk Clock,2310,2118,-192,4460,4460,0,1,0,0,1,-160,224,384,YES
Ergonomic Wool Computer,2124,1742,-382,1834,1834,0,1,0,0,1,-290,92,382,YES
Sleek Bronze Lamp,2332,1967,-365,2071,2071,0,1,0,0,1,-261,104,365,YES
Mediocre Marble Keyboard,2728,2370,-358,2495,2495,0,1,0,0,1,-233,125,358,YES
Durable Cotton Bench,2830,2480,-350,2611,2611,0,1,0,0,1,-219,131,350,YES
Rustic Cotton Hat,2591,2421,-170,5098,5098,0,1,0,0,1,-84,256,340,YES
Lightweight Plastic Knife,2275,1938,-337,2041,2041,0,1,0,0,1,-234,103,337,YES
Heavy Duty Granite Watch,2789,2456,-333,2586,2586,0,1,0,0,1,-203,130,333,YES
Awesome Wooden Shoes,2731,2404,-327,2531,2531,0,1,0,0,1,-200,127,327,YES
Practical Concrete Wallet,2555,2233,-322,2351,2351,0,1,0,0,1,-204,118,322,YES
Mediocre Steel Lamp,2452,2135,-317,2248,2248,0,1,0,0,1,-204,113,317,YES
Lightweight Aluminum Car,2450,2299,-151,4840,4840,0,1,0,0,1,-60,242,302,YES
Heavy Duty Cotton Car,2543,2392,-151,5036,5036,0,1,0,0,1,-50,252,302,YES
Synergistic Paper Shirt,1717,1416,-301,1491,1491,0,1,0,0,1,-226,75,301,YES
Intelligent Leather Bench,2472,2323,-149,4892,4892,0,1,0,0,1,-52,246,298,YES
Synergistic Aluminum Chair,3006,2711,-295,2854,2854,0,1,0,0,1,-152,143,295,YES
Incredible Linen Bottle,2103,1962,-141,4132,4132,0,1,0,0,1,-74,208,282,YES
Heavy Duty Wooden Plate,2710,2569,-141,5410,5410,0,1,0,0,1,-10,272,282,YES
Awesome Linen Lamp,3033,2764,-269,2910,2910,0,1,0,0,1,-123,146,269,YES
Gorgeous Steel Keyboard,2589,2321,-268,2444,2444,0,1,0,0,1,-145,123,268,YES
Lightweight Concrete Lamp,3246,2980,-266,3137,3137,0,1,0,0,1,-109,157,266,YES
Lightweight Copper Shirt,1921,1658,-263,1746,1746,0,1,0,0,1,-175,88,263,YES
Sleek Concrete Plate,3070,2818,-252,2967,2967,0,1,0,0,1,-103,149,252,YES
Small Aluminum Car,2310,2058,-252,2167,2167,0,1,0,0,1,-143,109,252,YES
Heavy Duty Silk Coat,2441,2318,-123,4880,4880,0,1,0,0,1,-2,244,246,YES
Rustic Rubber Watch,2798,2560,-238,2695,2695,0,1,0,0,1,-103,135,238,YES
Aerodynamic Linen Car,2788,2575,-213,2711,2711,0,1,0,0,1,-77,136,213,YES
Practical Wool Wallet,2233,2029,-204,2136,2136,0,1,0,0,1,-97,107,204,YES
Enormous Steel Bench,2843,2643,-200,2783,2783,0,1,0,0,1,-60,140,200,YES
Mediocre Bronze Clock,2404,2205,-199,2322,2322,0,1,0,0,1,-82,117,199,YES
Heavy Duty Steel Chair,1867,1770,-97,3728,3728,0,1,0,0,1,-6,188,194,YES
Rustic Granite Keyboard,2238,2049,-189,2157,2157,0,1,0,0,1,-81,108,189,YES
Rustic Concrete Bench,1941,1781,-160,1875,1875,0,1,0,0,1,-66,94,160,YES
Awesome Aluminum Chair,2105,1949,-156,2052,2052,0,1,0,0,1,-53,103,156,YES
Heavy Duty Aluminum Coat,2020,1868,-152,1967,1967,0,1,0,0,1,-53,99,152,YES
Awesome Plastic Shoes,2490,2339,-151,2463,2463,0,1,0,0,1,-27,124,151,YES
Durable Bronze Table,2288,2143,-145,2256,2256,0,1,0,0,1,-32,113,145,YES
Heavy Duty Iron Hat,2345,2201,-144,2317,2317,0,1,0,0,1,-28,116,144,YES
Gorgeous Rubber Keyboard,2204,2063,-141,2172,2172,0,1,0,0,1,-32,109,141,YES
Enormous Concrete Knife,2189,2071,-118,2180,2180,0,1,0,0,1,-9,109,118,YES

SUMMARY
Total Revenue Before,$25385193
Total Revenue After,$25385193
Revenue Change,$0
Total Margin Before,$-224303
Total Margin After,$1589553
Margin Change,$1813856
Products Adjusted,689
Products Improved,689
